{
  "hash": "b8885aa8",
  "configHash": "52b8f38e",
  "lockfileHash": "810b1c1e",
  "browserHash": "370741be",
  "optimized": {
    "@angular/common": {
      "src": "../../../../../node_modules/@angular/common/fesm2022/common.mjs",
      "file": "@angular_common.js",
      "fileHash": "7d41632f",
      "needsInterop": false
    },
    "@angular/common/http": {
      "src": "../../../../../node_modules/@angular/common/fesm2022/http.mjs",
      "file": "@angular_common_http.js",
      "fileHash": "c698a96a",
      "needsInterop": false
    },
    "@angular/core": {
      "src": "../../../../../node_modules/@angular/core/fesm2022/core.mjs",
      "file": "@angular_core.js",
      "fileHash": "cdd4f3ba",
      "needsInterop": false
    },
    "@angular/fire/app": {
      "src": "../../../../../node_modules/@angular/fire/fesm2022/angular-fire-app.mjs",
      "file": "@angular_fire_app.js",
      "fileHash": "c8f39b6e",
      "needsInterop": false
    },
    "@angular/fire/auth": {
      "src": "../../../../../node_modules/@angular/fire/fesm2022/angular-fire-auth.mjs",
      "file": "@angular_fire_auth.js",
      "fileHash": "dc77548c",
      "needsInterop": false
    },
    "@angular/fire/firestore": {
      "src": "../../../../../node_modules/@angular/fire/fesm2022/angular-fire-firestore.mjs",
      "file": "@angular_fire_firestore.js",
      "fileHash": "0f003471",
      "needsInterop": false
    },
    "@angular/fire/storage": {
      "src": "../../../../../node_modules/@angular/fire/fesm2022/angular-fire-storage.mjs",
      "file": "@angular_fire_storage.js",
      "fileHash": "791d3a2e",
      "needsInterop": false
    },
    "@angular/forms": {
      "src": "../../../../../node_modules/@angular/forms/fesm2022/forms.mjs",
      "file": "@angular_forms.js",
      "fileHash": "21c37bb6",
      "needsInterop": false
    },
    "@angular/material/button": {
      "src": "../../../../../node_modules/@angular/material/fesm2022/button.mjs",
      "file": "@angular_material_button.js",
      "fileHash": "db9b66af",
      "needsInterop": false
    },
    "@angular/material/dialog": {
      "src": "../../../../../node_modules/@angular/material/fesm2022/dialog.mjs",
      "file": "@angular_material_dialog.js",
      "fileHash": "60b70aca",
      "needsInterop": false
    },
    "@angular/material/snack-bar": {
      "src": "../../../../../node_modules/@angular/material/fesm2022/snack-bar.mjs",
      "file": "@angular_material_snack-bar.js",
      "fileHash": "a757cbb2",
      "needsInterop": false
    },
    "@angular/platform-browser": {
      "src": "../../../../../node_modules/@angular/platform-browser/fesm2022/platform-browser.mjs",
      "file": "@angular_platform-browser.js",
      "fileHash": "0f0fc7b9",
      "needsInterop": false
    },
    "@angular/router": {
      "src": "../../../../../node_modules/@angular/router/fesm2022/router.mjs",
      "file": "@angular_router.js",
      "fileHash": "8cfd2490",
      "needsInterop": false
    },
    "@kolkov/angular-editor": {
      "src": "../../../../../node_modules/@kolkov/angular-editor/fesm2020/kolkov-angular-editor.mjs",
      "file": "@kolkov_angular-editor.js",
      "fileHash": "dbe774f7",
      "needsInterop": false
    },
    "firebase/compat/firestore": {
      "src": "../../../../../node_modules/firebase/compat/firestore/dist/esm/index.esm.js",
      "file": "firebase_compat_firestore.js",
      "fileHash": "702cba32",
      "needsInterop": false
    },
    "firebase/firestore": {
      "src": "../../../../../node_modules/firebase/firestore/dist/esm/index.esm.js",
      "file": "firebase_firestore.js",
      "fileHash": "57a717e7",
      "needsInterop": false
    },
    "firebase/storage": {
      "src": "../../../../../node_modules/firebase/storage/dist/esm/index.esm.js",
      "file": "firebase_storage.js",
      "fileHash": "f00eed9d",
      "needsInterop": false
    },
    "geofire-common": {
      "src": "../../../../../node_modules/geofire-common/dist/geofire-common/index.esm.js",
      "file": "geofire-common.js",
      "fileHash": "6d7dcc2d",
      "needsInterop": false
    },
    "latlon-geohash": {
      "src": "../../../../../node_modules/latlon-geohash/latlon-geohash.js",
      "file": "latlon-geohash.js",
      "fileHash": "16f613af",
      "needsInterop": false
    },
    "leaflet": {
      "src": "../../../../../node_modules/leaflet/dist/leaflet-src.js",
      "file": "leaflet.js",
      "fileHash": "ae20346a",
      "needsInterop": true
    },
    "leaflet-geosearch": {
      "src": "../../../../../node_modules/leaflet-geosearch/dist/geosearch.module.js",
      "file": "leaflet-geosearch.js",
      "fileHash": "cb275ad0",
      "needsInterop": false
    },
    "leaflet-search": {
      "src": "../../../../../node_modules/leaflet-search/dist/leaflet-search.src.js",
      "file": "leaflet-search.js",
      "fileHash": "2d20fba6",
      "needsInterop": true
    },
    "rxjs": {
      "src": "../../../../../node_modules/rxjs/dist/esm5/index.js",
      "file": "rxjs.js",
      "fileHash": "07fd46de",
      "needsInterop": false
    },
    "rxjs/operators": {
      "src": "../../../../../node_modules/rxjs/dist/esm5/operators/index.js",
      "file": "rxjs_operators.js",
      "fileHash": "c6174686",
      "needsInterop": false
    },
    "swiper": {
      "src": "../../../../../node_modules/swiper/swiper.mjs",
      "file": "swiper.js",
      "fileHash": "8422793e",
      "needsInterop": false
    },
    "swiper/element/bundle": {
      "src": "../../../../../node_modules/swiper/swiper-element-bundle.mjs",
      "file": "swiper_element_bundle.js",
      "fileHash": "e66d78f3",
      "needsInterop": false
    },
    "swiper/modules": {
      "src": "../../../../../node_modules/swiper/modules/index.mjs",
      "file": "swiper_modules.js",
      "fileHash": "b7d72941",
      "needsInterop": false
    }
  },
  "chunks": {
    "chunk-UFY2AARD": {
      "file": "chunk-UFY2AARD.js"
    },
    "chunk-2NESOTSB": {
      "file": "chunk-2NESOTSB.js"
    },
    "chunk-TRU5CPND": {
      "file": "chunk-TRU5CPND.js"
    },
    "chunk-N6VQQCET": {
      "file": "chunk-N6VQQCET.js"
    },
    "chunk-J6HSJBXC": {
      "file": "chunk-J6HSJBXC.js"
    },
    "chunk-H4VKPN7N": {
      "file": "chunk-H4VKPN7N.js"
    },
    "chunk-JD54NTGU": {
      "file": "chunk-JD54NTGU.js"
    },
    "chunk-RO5X4TKA": {
      "file": "chunk-RO5X4TKA.js"
    },
    "chunk-IHYXTKHN": {
      "file": "chunk-IHYXTKHN.js"
    },
    "chunk-567WAWP2": {
      "file": "chunk-567WAWP2.js"
    },
    "chunk-SUR2JKFJ": {
      "file": "chunk-SUR2JKFJ.js"
    },
    "chunk-2LO5I6XV": {
      "file": "chunk-2LO5I6XV.js"
    },
    "chunk-I2JHL4ZX": {
      "file": "chunk-I2JHL4ZX.js"
    },
    "chunk-52C5LNSX": {
      "file": "chunk-52C5LNSX.js"
    },
    "chunk-HZZPUAAP": {
      "file": "chunk-HZZPUAAP.js"
    },
    "chunk-YPMDGTUR": {
      "file": "chunk-YPMDGTUR.js"
    },
    "chunk-QXW3OISC": {
      "file": "chunk-QXW3OISC.js"
    },
    "chunk-SOWEUJAK": {
      "file": "chunk-SOWEUJAK.js"
    },
    "chunk-UWRZFW7Y": {
      "file": "chunk-UWRZFW7Y.js"
    },
    "chunk-QFHQGTAW": {
      "file": "chunk-QFHQGTAW.js"
    },
    "chunk-KNNSPBOG": {
      "file": "chunk-KNNSPBOG.js"
    },
    "chunk-KTESVR3Q": {
      "file": "chunk-KTESVR3Q.js"
    }
  }
}